<?xml version="1.0" encoding="UTF-8"?>
<UI>
<show_enter_button value="false"/>
<system_font value="false"/>
<ram_size value="14"/>
<battery_size value="14"/>
<device_size value="14"/>
<time_size value="20"/>
<storage_size value="14"/>
<network_size value="14"/>
<notes_size value="14"/>
<input_output_size value="14"/>
<input_bottom value="false"/>
<show_ram value="true"/>
<show_device_name value="false"/>
<show_battery value="true"/>
<show_network_info value="true"/>
<show_storage_info value="true"/>
<show_notes value="false"/>
<enable_battery_status value="true"/>
<show_time value="true"/>
<username value="anonymous"/>
<deviceName value="User"/>
<system_wallpaper value="true"/>
<fullscreen value="false"/>
<device_index value="1"/>
<ram_index value="1.2"/>
<battery_index value="1.4"/>
<time_index value="1.5"/>
<storage_index value="1.3"/>
<network_index value="1.0"/>
<notes_index value="6"/>
<status_lines_alignment value="0,0,0,0,0,0,0,0,0"/>
<input_prefix value="$"/>
<input_root_prefix value="#"/>
<display_margin_mm value="0,0,0,0"/>
<ignore_bar_color value="false"/>
<show_app_installed value="true"/>
<show_app_uninstalled value="true"/>
<show_session_info value="true"/>
<notes_header value="%( --- Notes : %c ---%n/No notes)"/>
<notes_footer value="%(%n --- ----- ---/)"/>
<notes_divider value="%n"/>
<show_restart_message value="true"/>
<notes_max_lines value="10"/>
<show_scroll_notes_message value="true"/>
<show_weather value="true"/>
<weather_index value="0"/>
<weather_size value="13"/>
<show_unlock_counter value="false"/>
<unlock_index value="5"/>
<unlock_size value="14"/>
<statusbar_light_icons value="true"/>
<bgrect_params value="2,12"/>
<shadow_params value="2,2,0.2"/>
<text_redraw_times value="1"/>
<status_lines_margins value="3,5,3,5"/>
<output_field_margins value="5,10,15,10"/>
<input_field_margins value="3,7,0,0"/>
<input_area_margins value="3,2,13,2"/>
<toolbar_margins value="3,3,0,0"/>
<suggestions_area_margin value="4,0,8,0"/>
<device_name value="kali"/>
</UI>
