<?xml version="1.0" encoding="UTF-8"?>
<BEHAVIOR>
<double_tap_lock value="false"/>
<double_tap_cmd value=""/>
<random_play value="true"/>
<songs_folder value="/storage/emulated/0/Music"/>
<songs_from_mediastore value="true"/>
<tui_notification value="false"/>
<auto_show_keyboard value="false"/>
<auto_scroll value="true"/>
<show_hints value="false"/>
<show_alias_content value="false"/>
<show_launch_history value="true"/>
<clear_after_cmds value="-1"/>
<clear_after_seconds value="-1"/>
<max_lines value="-1"/>
<time_format value="E, d MMM yyyy%nHH:mm%n@HH:mm:ss"/>
<time_format_separator value="@"/>
<battery_medium value="50"/>
<battery_low value="15"/>
<device_format value="User: Anonymous"/>
<ram_format value=" ﬙ %avgbGB/%totgbGB"/>
<storage_format value="%n  %iavgbGB/%itotgbGB%n"/>
<battery_format value=" %(/) %v% %(charging/remaining) "/>
<network_info_format value="%n%( 泌 WiFi [%wn]%n  IP %ip4/%[ 說 Mobile Data %dt%n IP %ip4/  No Internet access])%n"/>
<input_format value="─&lt;∆ Project YoRHa ∆&gt;--[%t1]%n└─%p %i"/>
<output_format value="%o"/>
<session_info_format value="Glory to Mankind!"/>
<enable_app_launch value="true"/>
<app_launch_format value="└─>_ sh %p &amp;&gt;/dev/null &amp;%n[1] + running %a%n"/>
<alias_param_marker value="%"/>
<alias_param_separator value=","/>
<alias_replace_all_markers value="true"/>
<multiple_cmd_separator value=";"/>
<alias_content_format value="%a --&gt; [%v]"/>
<external_storage_path value=""/>
<home_path value="/storage/emulated/0"/>
<app_installed_format value=">_ sudo pkg install %p%nresolving dependencies...%nlooking for conflicting packages...%n%nPackages (1) %p%n%n:: Proceed with installation? [Y/n]%n(1/1) checking keys in keyring          [##########] 100%%n(1/1) checking package integrity        [##########] 100%%n(1/1) loading package files             [##########] 100%%n(1/1) checking for file conflicts       [##########] 100%%n(1/1) checking available disk space     [##########] 100%%n:: Processing package changes...%n(1/1) installing %l...%n:: Running post-transaction hooks...%n(1/1) Arming ConditionNeedsUpdate...%n"/>
<app_uninstalled_format value="checking dependencies...%n%nPackages (1) %p%n%n:: Do you want to remove these packages? [Y/n]%n:: Processing package changes...%n(1/1) removing %l...%n:: Running post-transaction hooks...%n(1/1) Arming ConditionNeedsUpdate...%n"/>
<enable_music value="false"/>
<max_optional_depth value="2"/>
<network_info_update_ms value="3500"/>
<tui_notification_title value="T-UI"/>
<tui_notification_subtitle value="T-UI is running"/>
<tui_notification_click_cmd value=""/>
<tui_notification_click_showhome value="true"/>
<tui_notification_lastcmds_size value="5"/>
<tui_notification_lastcmds_updown value="true"/>
<tui_notification_priority value="0"/>
<long_click_vibration_duration value="100"/>
<long_click_duration value="700"/>
<click_commands value="true"/>
<long_click_commands value="true"/>
<append_quote_before_file value="false"/>
<optional_values_separator value="/"/>
<notes_sorting value="0"/>
<notes_allow_link value="true"/>
<orientation value="2"/>
<htmlextractor_default_format value="%t -&gt; %v%n%a(%an = %av)(%n)"/>
<htmlextractor_notfound_message value="Not found"/>
<tui_notification_time_color value="#00bb00"/>
<tui_notification_input_color value="#ff00ff00"/>
<weather_key value="1f798f99228596c20ccfda51b9771a86"/>
<weather_temperature_measure value="metric"/>
<weather_location value="1682812"/>
<weather_format value="#[Thunderstorm/ ][Drizzle/ ][Rain/ ][Snow/ﰕ ][Mist/ ][Smoke/ ][Haze/ ][Dust/ ][Fog/ ][Sand/ ][Ash/ ][Squall/ ][Tornado/ ][Clear/ ][Clouds/ ]%main %description •  %temp°C •  %pressure hPa •  %humidity%"/>
<clear_on_lock value="false"/>
<unlock_counter_format value="Unlocked %c times (%a10/)%n%t(Unlock n. %i --&gt; %w)3"/>
<unlock_time_divider value="%n"/>
<unlock_time_order value="1"/>
<unlock_counter_cycle_start value="6.00"/>
<not_available_text value="n/a"/>
<back_button_enabled value="true"/>
<weather_update_time value="3600"/>
<location_update_mintime value="20"/>
<location_update_mindistance value="500"/>
<show_weather_updates value="false"/>
</BEHAVIOR>
