<?xml version="1.0" encoding="UTF-8"?>
<NOTIFICATIONS>
<show_notifications value="true"/>
<app_notification_enabled_default value="false"/>
<default_notification_color value="#9f9f9f"/>
<notification_format value="─(%app)-[%t1]%n└─ %[#ffde14]title : %[#9f9f9f]text%n"/>
<click_notification value="true"/>
<long_click_notification value="true"/>
<notification_popup_exclude_app value="true"/>
<notification_popup_exclude_notification value="true"/>
<notification_popup_reply value="true"/>

<!-- Enable/Disable apps -->

<org.telegram.messenger enabled="true" format="1"/>
<com.android.messaging enabled="true" format="2"/>
<com.android.dialer enabled="true" format="3"/>
<com.google.android.gm enabled="true" format="4"/>
<org.schabi.newpipe enabled="true" format="5"/>
<org.videolan.vlc enabled="true" format="6"/>
<com.poupa.vinylmusicplayer enabled="true" format="7"/>
<ru.zdevs.zarchiver enabled="true" format="8"/>
<org.fdroid.fdroid enabled="true" format="9"/>
<com.aurora.store enabled="true" format="10"/>
<com.android.deskclock enabled="true" format="11"/>
<com.termux enabled="true" format="12"/>
<com.discord enabled="true" format="13"/>

<!-- Formats -->

<!-- telegram -->
<format id="1" value="─( %app)-[%t1]%n└─ %[#ffde14]title%n%[#9f9f9f]text%n"/>

<!-- messaging -->
<format id="2" value="─( %app)-[%t1]%n└─ %[#ffde14]title : %[#9f9f9f]text%n"/>

<!-- phone -->
<format id="3" value="─( %app)-[%t1]%n└─ %[#ffde14]title : %[#9f9f9f]text%n"/>

<!-- gmail -->
<format id="4" value="─( %app)-[%t1]%n└─ %[#ffde14]title : %[#9f9f9f]text%n"/>

<!-- newpipe -->
<format id="5" value="─(  %app)-[%t1]%n└─ %[#ffde14]title : %[#9f9f9f]text%n"/>

<!-- vlc -->
<format id="6" value="─(嗢 %app)-[%t1]%n└─ %[#ffde14]title : %[#9f9f9f]text%n"/>

<!-- vinyl music player -->
<format id="7" value="─( %app)-[%t1]%n└─ %[#ffde14]title : %[#9f9f9f]text%n"/>

<!-- zarchiver -->
<format id="8" value="─( %app)-[%t1]%n└─ %[#ffde14]title : %[#9f9f9f]text%n"/>

<!-- f-droid -->
<format id="9" value="─( %app)-[%t1]%n└─ %[#ffde14]title : %[#9f9f9f]text%n"/>

<!-- aurora store -->
<format id="10" value="─( %app)-[%t1]%n└─ %[#ffde14]title : %[#9f9f9f]text%n"/>

<!-- deskclock -->
<format id="11" value="─( %app)-[%t1]%n└─ %[#ffde14]title : %[#9f9f9f]text%n"/>

<!-- termux -->
<format id="12" value="─( %app)-[%t1]%n└─ %[#ffde14]title : %[#9f9f9f]text%n"/>

<!-- discord -->
<format id="13" value="─(ﭮ %app)-[%t1]%n└─ %[#ffde14]title%n%[#9f9f9f]text%n"/>


<!-- For other fucking social media apps that I don't use -->

<com.twitter.android enabled="true" format="13"/>
<com.whatsapp enabled="true" format="14"/>
<com.instagram.android enabled="true" format="15"/>
<com.facebook.orca enabled="true" format="16"/>
<com.google.android.youtube enabled="true" format="17"/>
<com.vanced.android.youtube enabled="true" format="18"/>

<!-- Formats -->
<!-- twitter -->
<format id="13" value="─( %app)-[%t1]%n└─ %[#ffde14]title : %[#9f9f9f]text%n"/>

<!-- whatsapp -->
<format id="14" value="─( %app)-[%t1]%n└─ %[#ffde14]title : %[#9f9f9f]text%n"/>

<!-- instagram -->
<format id="15" value="─( %app)-[%t1]%n└─ %[#ffde14]title : %[#9f9f9f]text%n"/>

<!-- messenger -->
<format id="16" value="─( %app)-[%t1]%n└─ %[#ffde14]title : %[#9f9f9f]text%n"/>

<!-- youtube -->
<format id="17" value="─( %app)-[%t1]%n└─ %[#ffde14]title : %[#9f9f9f]text%n"/>

<!-- youtube vanced -->
<format id="18" value="─(輸 %app)-[%t1]%n└─ %[#ffde14]title : %[#9f9f9f]text%n"/>

<filter id="1" value="null"/>
<filter id="2" value="Unknown"/>
<filter id="3" value="Updating repositories"/>
<filter is="4" value="Getting metadata"/>
<filter is="5" value="Downloading update"/>
</NOTIFICATIONS>
