<?xml version="1.0" encoding="UTF-8"?>
<THEME>
<input_color value="#f43434"/>
<output_color value="#f2f2f2"/>
<bg_color value="#ff000000"/>
<device_color value="#bb0000"/>
<battery_color_high value="#ffffff"/>
<battery_color_medium value="#a2a2a2"/>
<battery_color_low value="#808080"/>
<time_color value="#fafafa"/>
<storage_color value="#9f9f9f"/>
<ram_color value="#9f9f9f"/>
<network_info_color value="#9f9f9f"/>
<toolbar_bg value="#00000000"/>
<toolbar_color value="#ffff0000"/>
<enter_color value="#ffffffff"/>
<cursor_color value="#9f8b8b8b"/>
<overlay_color value="#55000000"/>
<alias_content_color value="#bb0000"/>
<statusbar_color value="#00000000"/>
<navigationbar_color value="#af000000"/>
<app_installed_color value="#a5c940"/>
<app_uninstalled_color value="#f43434"/>
<hint_color value="#bb0000"/>
<mark_color value="#bb0000"/>
<notes_color value="#9f0000"/>
<notes_locked_color value="#9f0000"/>
<link_color value="#00bb00"/>
<restart_message_color value="#ffffffff"/>
<weather_color value="#9f9f9f"/>
<unlock_counter_color value="#bb0000"/>
<session_info_color value="#f43434"/>
<status_lines_bgrectcolor value="#00000000,#00000000,#00000000,#00000000,#00000000,#00000000,#00000000,#00000000,#00000000"/>
<input_bgrectcolor value="#00000000"/>
<output_bgrectcolor value="#00000000"/>
<toolbar_bgrectcolor value="#00000000"/>
<suggestions_bgrectcolor value="#00000000"/>
<status_lines_bg value="#70000000,#70000000,#70000000,#00000000,#00000000,#00000000,#00000000,#00000000,#00000000"/>
<input_bg value="#20808080"/>
<output_bg value="#55000000"/>
<suggestions_bg value="#00000000"/>
<status_lines_shadow_color value="#00000000,#00000000,#00000000,#00000000,#00000000,#00000000,#00000000,#00000000,#00000000"/>
<input_shadow_color value="#00000000"/>
<output_shadow_color value="#00000000"/>
<custom_command_color value="#808080"/>
</THEME>
