<?xml version="1.0" encoding="UTF-8"?>
<EXPERT>
<show_help value="true"/>
<show_call value="true"/>
<show_exit value="true"/>
<exit_password value=""/>
<use_root value="true"/>
<numbering_notes value="true"/>
<custom_command value=" echo use config -set custom_command [command]    for example: curl -s http://wttr.in/dortmund\?0T\&amp;lang=de"/>
<custom_command_timeout value="60"/>
<custom_command_size value="12"/>
<show_custom_command value="false"/>
<custom_command_index value="1"/>
<termux_timeout value="300"/>
</EXPERT>
