<?xml version="1.0" encoding="UTF-8"?>
<THEME>
<input_color value="#fcf7f0"/>
<output_color value="#b3d936"/>
<bg_color value="#ff000000"/>
<device_color value="#b3d936"/>
<battery_color_high value="#b3d936"/>
<battery_color_medium value="#b3d936"/>
<battery_color_low value="#b3d936"/>
<time_color value="#b3d936"/>
<storage_color value="#b3d936"/>
<ram_color value="#b3d936"/>
<network_info_color value="#b3d936"/>
<toolbar_bg value="#00000000"/>
<toolbar_color value="#ffff0000"/>
<enter_color value="#ffffffff"/>
<cursor_color value="#b3d936"/>
<overlay_color value="#70000000"/>
<alias_content_color value="#b3d936"/>
<statusbar_color value="#00000000"/>
<navigationbar_color value="#000000"/>
<app_installed_color value="#b3d936"/>
<app_uninstalled_color value="#b3d936"/>
<hint_color value="#b3d936"/>
<mark_color value="#b3d936"/>
<notes_color value="#b3d936"/>
<notes_locked_color value="#b3d936"/>
<link_color value="#b3d936"/>
<restart_message_color value="#ffffffff"/>
<weather_color value="#b3d936"/>
<unlock_counter_color value="#b3d936"/>
<session_info_color value="#fcf7f0"/>
<status_lines_bgrectcolor value="#ffb3d936,#ffb3d936,#00000000,#00000000,#00000000,#00000000,#00000000,#00000000,#00000000"/>
<input_bgrectcolor value="#00000000"/>
<output_bgrectcolor value="#ffb3d936"/>
<toolbar_bgrectcolor value="#00000000"/>
<suggestions_bgrectcolor value="#00000000"/>
<status_lines_bg value="#00000000,#00000000,#00000000,#00000000,#00000000,#00000000,#00000000,#00000000,#00000000"/>
<input_bg value="#4483a906"/>
<output_bg value="#a2000000"/>
<suggestions_bg value="#00000000"/>
<status_lines_shadow_color value="#00000000,#00000000,#00000000,#00000000,#00000000,#00000000,#00000000,#00000000,#00000000"/>
<input_shadow_color value="#00000000"/>
<output_shadow_color value="#00000000"/>
<custom_command_color value="#b3d936"/>
</THEME>
